City_ID,City,Country,Date,Current Description,Lat,Lng,Max Temp,Percent Humidity,Percent Cloudiness,Wind Speed
0,Tottori,JP,2022-04-29 02:04:59,shower rain,35.5,134.2333,55.47,94,75,2.3
1,Kushiro,JP,2022-04-29 02:06:06,overcast clouds,42.975,144.3747,47.73,48,98,15.41
2,Bathsheba,BB,2022-04-29 02:06:06,scattered clouds,13.2167,-59.5167,79.41,89,40,12.66
3,Ipora,BR,2022-04-29 02:02:34,clear sky,-16.4419,-51.1178,68.36,59,4,3.11
4,Ust-Tsilma,RU,2022-04-29 02:06:08,scattered clouds,65.441,52.1498,25.27,82,25,8.41
5,Rikitea,PF,2022-04-29 02:00:40,clear sky,-23.1203,-134.9692,77.05,69,0,18.34
6,Faanui,PF,2022-04-29 02:06:08,light rain,-16.4833,-151.75,81.46,72,0,21.54
7,Ushuaia,AR,2022-04-29 02:06:09,scattered clouds,-54.8,-68.3,40.66,87,40,27.63
8,Brae,GB,2022-04-29 02:06:09,overcast clouds,60.3964,-1.353,44.8,81,94,5.68
9,Ribeira Grande,PT,2022-04-29 02:06:10,light rain,38.5167,-28.7,63.59,84,100,20.71
10,Putina,PE,2022-04-29 02:06:11,few clouds,-15.4667,-69.4333,40.78,83,12,8.39
11,Albany,US,2022-04-29 02:06:11,clear sky,42.6001,-73.9662,43.63,34,0,7.0
12,Mathbaria,BD,2022-04-29 02:06:12,scattered clouds,22.2876,89.9593,88.48,58,44,7.49
13,Russell,US,2022-04-29 02:06:13,clear sky,32.3502,-85.1999,69.03,77,0,0.0
14,Tauranga,NZ,2022-04-29 02:06:13,clear sky,-37.6861,176.1667,66.15,26,0,4.9
15,Gigmoto,PH,2022-04-29 02:06:14,scattered clouds,13.7796,124.39,84.97,73,27,10.87
16,Dikson,RU,2022-04-29 02:06:14,few clouds,73.5069,80.5464,9.77,91,22,20.69
17,Rovaniemi,FI,2022-04-29 02:01:53,clear sky,66.5,25.7167,24.21,63,0,8.05
18,Atuona,PF,2022-04-29 02:06:15,broken clouds,-9.8,-139.0333,79.36,74,58,19.62
19,Labelle,US,2022-04-29 02:06:16,broken clouds,26.7617,-81.4384,71.98,83,71,7.63
20,Bethel,US,2022-04-29 02:05:23,clear sky,41.3712,-73.414,47.48,38,0,6.91
21,Punta Arenas,CL,2022-04-29 02:00:44,overcast clouds,-53.15,-70.9167,42.12,75,99,17.22
22,Port Elizabeth,ZA,2022-04-29 02:06:17,clear sky,-33.918,25.5701,63.32,66,4,3.0
23,Nemuro,JP,2022-04-29 02:06:18,overcast clouds,43.3236,145.575,42.15,65,100,11.1
24,Butaritari,KI,2022-04-29 02:03:02,overcast clouds,3.0707,172.7902,82.06,77,100,15.93
25,Celestun,MX,2022-04-29 02:06:19,scattered clouds,20.8667,-90.4,78.04,71,27,15.57
26,Saint-Philippe,RE,2022-04-29 02:06:19,scattered clouds,-21.3585,55.7679,74.79,79,46,13.11
27,Salamiyah,SY,2022-04-29 02:06:20,clear sky,35.0113,37.0532,64.49,49,0,1.68
28,Klyuchi,RU,2022-04-29 02:06:20,overcast clouds,52.2667,79.1667,61.56,42,100,11.41
29,Lusambo,CD,2022-04-29 02:06:21,moderate rain,-4.9667,23.45,69.35,99,100,1.16
30,Yellowknife,CA,2022-04-29 02:02:48,scattered clouds,62.456,-114.3525,33.57,64,25,18.99
31,Aktau,KZ,2022-04-29 02:06:22,clear sky,43.65,51.2,61.38,49,6,10.2
32,Asfi,MA,2022-04-29 02:02:53,scattered clouds,32.2994,-9.2372,57.6,78,50,14.72
33,Ahipara,NZ,2022-04-29 02:06:22,scattered clouds,-35.1667,173.1667,67.01,60,39,5.86
34,Bredasdorp,ZA,2022-04-29 02:05:27,overcast clouds,-34.5322,20.0403,56.57,95,100,6.44
35,Coquimbo,CL,2022-04-29 02:04:14,clear sky,-29.9533,-71.3436,60.33,76,0,4.07
36,Culebra,PR,2022-04-29 02:06:23,few clouds,18.303,-65.301,78.84,76,22,5.99
37,Tasiilaq,GL,2022-04-29 02:06:24,broken clouds,65.6145,-37.6368,28.56,84,60,5.55
38,Constitucion,CL,2022-04-29 02:06:25,clear sky,-35.3333,-72.4167,49.71,70,4,7.18
39,Vardo,NO,2022-04-29 02:06:25,light snow,70.3705,31.1107,26.89,61,100,22.7
40,Siavonga,ZM,2022-04-29 02:06:26,overcast clouds,-16.5382,28.7088,67.96,71,88,3.83
41,Tiksi,RU,2022-04-29 02:06:26,broken clouds,71.6872,128.8694,18.9,81,83,8.39
42,Puerto Padre,CU,2022-04-29 02:06:27,few clouds,21.195,-76.6028,73.35,68,17,8.79
43,San Patricio,US,2022-04-29 02:06:27,few clouds,28.017,-97.5169,77.09,81,23,13.53
44,Mataura,NZ,2022-04-29 02:03:39,clear sky,-46.1927,168.8643,57.47,62,8,0.92
45,Tuktoyaktuk,CA,2022-04-29 02:06:28,overcast clouds,69.4541,-133.0374,15.89,92,100,9.93
46,Pedernales,DO,2022-04-29 02:07:29,few clouds,18.0384,-71.744,76.17,71,15,5.99
47,Saldanha,ZA,2022-04-29 02:07:29,scattered clouds,-33.0117,17.9442,60.12,86,37,9.28
48,Honolulu,US,2022-04-29 02:05:02,scattered clouds,21.3069,-157.8583,83.44,64,40,13.8
49,Jamestown,US,2022-04-29 02:07:30,clear sky,42.097,-79.2353,35.71,60,0,3.44
50,Cape Town,ZA,2022-04-29 02:07:30,overcast clouds,-33.9258,18.4232,60.89,88,100,3.0
51,Kapaa,US,2022-04-29 02:03:40,scattered clouds,22.0752,-159.319,78.48,81,32,5.99
52,Touros,BR,2022-04-29 02:04:06,overcast clouds,-5.1989,-35.4608,77.14,89,91,10.18
53,Henties Bay,NA,2022-04-29 02:07:31,scattered clouds,-22.116,14.2845,63.54,69,32,6.76
54,Bengkulu,ID,2022-04-29 02:07:32,moderate rain,-3.8004,102.2655,82.29,72,98,3.49
55,Daru,PG,2022-04-29 02:07:32,overcast clouds,-9.0763,143.2092,84.56,71,98,10.6
56,Qaanaaq,GL,2022-04-29 02:07:33,broken clouds,77.484,-69.3632,15.31,90,77,7.65
57,Sorland,NO,2022-04-29 02:07:33,light snow,67.667,12.6934,35.08,60,100,14.23
58,San Andres,CO,2022-04-29 02:07:34,broken clouds,12.5847,-81.7006,80.62,78,75,12.66
59,Mukhen,RU,2022-04-29 02:07:34,scattered clouds,48.1,136.1,52.09,32,26,11.16
60,Puerto Madero,MX,2022-04-29 02:07:35,scattered clouds,14.7208,-92.4215,82.6,83,40,2.3
61,Saskylakh,RU,2022-04-29 02:07:36,overcast clouds,71.9167,114.0833,21.6,82,100,8.16
62,Kamenka,RU,2022-04-29 02:07:36,overcast clouds,51.3223,42.7678,43.0,65,98,7.07
63,Puerto Ayora,EC,2022-04-29 02:07:37,clear sky,-0.7393,-90.3518,71.76,91,3,6.98
64,Port Hardy,CA,2022-04-29 02:07:37,light intensity shower rain,50.6996,-127.4199,50.18,66,75,6.91
65,Tuatapere,NZ,2022-04-29 02:03:39,overcast clouds,-46.1333,167.6833,58.05,67,100,2.01
66,New Norfolk,AU,2022-04-29 02:07:38,moderate rain,-42.7826,147.0587,71.92,76,100,5.01
67,Chuy,UY,2022-04-29 02:07:38,clear sky,-33.6971,-53.4616,48.94,68,0,8.77
68,Sao Jose Da Coroa Grande,BR,2022-04-29 02:07:39,overcast clouds,-8.8978,-35.1478,77.97,77,98,8.97
69,Berdigestyakh,RU,2022-04-29 02:07:39,few clouds,62.0989,126.6992,34.18,73,24,4.81
70,Kavieng,PG,2022-04-29 02:07:40,scattered clouds,-2.5744,150.7967,86.31,64,31,6.08
71,Clyde River,CA,2022-04-29 02:07:35,overcast clouds,70.4692,-68.5914,3.43,92,100,4.61
72,Mount Isa,AU,2022-04-29 02:07:41,scattered clouds,-20.7333,139.5,89.37,45,45,12.66
73,Mehamn,NO,2022-04-29 02:07:41,light snow,71.0357,27.8492,25.97,82,100,17.85
74,Georgetown,MY,2022-04-29 02:07:32,few clouds,5.4112,100.3354,85.95,79,20,0.0
75,Kaitangata,NZ,2022-04-29 02:07:42,clear sky,-46.2817,169.8464,55.15,70,1,3.8
76,Ayorou,NE,2022-04-29 02:07:43,broken clouds,14.7308,0.9174,84.02,16,65,9.44
77,Mar Del Plata,AR,2022-04-29 02:07:43,clear sky,-38.0023,-57.5575,46.87,83,0,14.0
78,Busselton,AU,2022-04-29 02:00:51,clear sky,-33.65,115.3333,62.6,59,3,1.48
79,Longyearbyen,SJ,2022-04-29 02:07:44,few clouds,78.2186,15.6401,6.64,61,20,14.97
80,Tonj,SS,2022-04-29 02:07:44,overcast clouds,7.2737,28.6822,76.37,69,97,5.37
81,Hobart,AU,2022-04-29 02:07:45,moderate rain,-42.8794,147.3294,72.27,71,75,12.66
82,Petropavlovsk-Kamchatskiy,RU,2022-04-29 02:03:22,broken clouds,53.0452,158.6483,45.19,61,75,11.18
83,Kampot,KH,2022-04-29 02:07:46,overcast clouds,10.6167,104.1833,84.25,68,100,3.06
84,Nantucket,US,2022-04-29 02:07:46,few clouds,41.2835,-70.0995,50.11,48,20,18.41
85,Alice Springs,AU,2022-04-29 02:07:46,clear sky,-23.7,133.8833,90.95,17,1,10.36
86,Upernavik,GL,2022-04-29 02:07:47,overcast clouds,72.7868,-56.1549,13.82,93,100,5.14
87,Paragominas,BR,2022-04-29 02:03:14,overcast clouds,-2.9667,-47.4833,72.82,96,100,2.66
88,Bluff,NZ,2022-04-29 02:07:48,scattered clouds,-46.6,168.3333,57.79,69,35,4.21
89,Castro,BR,2022-04-29 02:07:33,overcast clouds,-24.7911,-50.0119,62.24,90,100,3.94
90,Vila,PT,2022-04-29 02:07:49,broken clouds,42.0304,-8.1588,45.48,86,52,4.0
91,Vestmannaeyjar,IS,2022-04-29 02:07:49,overcast clouds,63.4427,-20.2734,46.0,84,100,1.92
92,Mahebourg,MU,2022-04-29 02:07:50,scattered clouds,-20.4081,57.7,74.25,94,40,4.61
93,Fortuna,US,2022-04-29 02:07:38,clear sky,40.5982,-124.1573,56.93,65,0,9.22
94,Cabo San Lucas,MX,2022-04-29 02:07:51,clear sky,22.8909,-109.9124,79.11,50,0,0.0
95,Zyryanka,RU,2022-04-29 02:08:51,overcast clouds,65.75,150.85,22.89,82,100,11.88
96,New Haven,US,2022-04-29 02:06:52,clear sky,41.4001,-72.9329,48.06,29,0,21.0
97,Scarborough,GB,2022-04-29 02:08:07,overcast clouds,54.2797,-0.4044,37.9,87,100,0.6
98,Aketi,CD,2022-04-29 02:08:52,light rain,2.7388,23.7833,68.7,99,100,1.48
99,Hithadhoo,MV,2022-04-29 02:08:02,scattered clouds,-0.6,73.0833,84.67,65,36,4.27
100,Guasdualito,VE,2022-04-29 02:08:53,overcast clouds,7.2424,-70.7324,80.74,67,94,1.45
101,Watertown,US,2022-04-29 02:07:43,clear sky,42.3709,-71.1828,47.08,33,0,11.5
102,Zhangjiakou,CN,2022-04-29 02:08:54,overcast clouds,40.81,114.8794,56.79,45,97,4.85
103,Sherpur,BD,2022-04-29 02:08:54,clear sky,25.0188,90.0175,86.67,69,2,11.86
104,Korla,CN,2022-04-29 02:08:55,broken clouds,41.7597,86.1469,55.47,41,54,2.39
105,Batagay-Alyta,RU,2022-04-29 02:08:55,few clouds,67.8006,130.4114,18.64,80,15,4.63
106,Anadyr,RU,2022-04-29 02:08:56,clear sky,64.75,177.4833,32.5,69,0,2.24
107,Hay River,CA,2022-04-29 02:08:56,scattered clouds,60.8156,-115.7999,35.04,80,29,8.25
108,Lewistown,US,2022-04-29 02:08:57,clear sky,40.5992,-77.5714,47.61,23,0,0.0
109,Matagami,CA,2022-04-29 02:08:57,clear sky,49.7502,-77.6328,30.31,64,0,2.3
110,Kuybysheve,UA,2022-04-29 02:05:21,overcast clouds,47.358,36.6491,55.18,63,97,6.17
111,Hilo,US,2022-04-29 02:05:30,few clouds,19.7297,-155.09,80.28,77,20,9.22
112,Camaqua,BR,2022-04-29 02:08:59,scattered clouds,-30.8511,-51.8122,57.92,97,32,4.29
113,Champerico,GT,2022-04-29 02:08:59,clear sky,14.3,-91.9167,85.03,65,6,4.79
114,Flinders,AU,2022-04-29 02:09:00,scattered clouds,-34.5833,150.8552,81.05,70,47,7.0
115,Thompson,CA,2022-04-29 02:04:43,overcast clouds,55.7435,-97.8558,35.38,90,100,6.17
116,Sinnamary,GF,2022-04-29 02:04:38,overcast clouds,5.3833,-52.95,77.97,87,87,11.43
117,Ternate,ID,2022-04-29 02:09:01,overcast clouds,0.8,127.4,83.8,71,95,4.88
118,Vaini,TO,2022-04-29 02:09:01,scattered clouds,-21.2,-175.2,82.56,65,40,10.36
119,Hermanus,ZA,2022-04-29 02:06:55,overcast clouds,-34.4187,19.2345,60.98,89,100,6.64
120,Cap Malheureux,MU,2022-04-29 02:09:03,few clouds,-19.9842,57.6142,74.46,78,12,3.0
121,Iqaluit,CA,2022-04-29 02:09:03,overcast clouds,63.7506,-68.5145,-7.56,89,98,1.54
122,Northfield,US,2022-04-29 02:09:04,overcast clouds,44.4583,-93.1616,50.72,69,100,11.5
123,Fare,PF,2022-04-29 02:09:04,clear sky,-16.7,-151.0167,81.84,70,0,22.03
124,Shimoda,JP,2022-04-29 02:09:05,moderate rain,34.6667,138.95,59.36,85,100,15.19
125,Avarua,CK,2022-04-29 02:07:45,few clouds,-21.2078,-159.775,80.65,83,20,12.66
126,Ustyuzhna,RU,2022-04-29 02:09:06,broken clouds,58.8394,36.4321,27.93,63,77,5.37
127,Valparaiso,CL,2022-04-29 02:05:26,clear sky,-33.0393,-71.6273,59.47,65,0,2.3
128,Shelburne,CA,2022-04-29 02:09:07,clear sky,44.0787,-80.2041,33.6,53,4,5.86
129,Iracoubo,GF,2022-04-29 02:09:07,overcast clouds,5.4802,-53.2011,78.19,86,100,11.88
130,Grand Gaube,MU,2022-04-29 02:09:08,clear sky,-20.0064,57.6608,74.37,78,10,3.0
131,Arraial Do Cabo,BR,2022-04-29 02:09:09,clear sky,-22.9661,-42.0278,75.25,88,1,19.19
132,Poland,US,2022-04-29 02:09:09,clear sky,44.0606,-70.3937,44.92,38,0,16.11
133,Clermont,FR,2022-04-29 02:09:10,overcast clouds,49.5,2.4167,47.01,78,100,8.34
134,Severo-Kurilsk,RU,2022-04-29 02:09:11,overcast clouds,50.6789,156.125,35.33,91,89,18.03
135,Truth Or Consequences,US,2022-04-29 02:09:12,clear sky,33.1284,-107.2528,79.03,7,0,14.97
136,Coahuayana,MX,2022-04-29 02:10:12,clear sky,18.7333,-103.6833,74.41,81,0,2.44
137,Mahon,ES,2022-04-29 02:05:56,scattered clouds,39.8885,4.2658,57.76,94,40,9.22
138,Talnakh,RU,2022-04-29 02:10:13,overcast clouds,69.4865,88.3972,15.21,78,100,4.05
139,Barrow,US,2022-04-29 02:10:13,light snow,71.2906,-156.7887,8.62,78,100,20.71
140,Tocopilla,CL,2022-04-29 02:10:14,overcast clouds,-22.092,-70.1979,64.87,78,100,3.69
141,Oistins,BB,2022-04-29 02:09:58,scattered clouds,13.0667,-59.5333,78.89,89,40,12.66
142,Chartres,FR,2022-04-29 02:10:15,overcast clouds,48.4167,1.5,51.71,82,100,5.01
143,Mitsamiouli,KM,2022-04-29 02:10:16,broken clouds,-11.3847,43.2844,80.8,73,70,18.45
144,Moerai,PF,2022-04-29 02:10:16,clear sky,-22.4333,-151.3333,80.08,66,0,18.12
145,Mangrol,IN,2022-04-29 02:10:17,clear sky,21.1167,70.1167,83.16,71,0,11.7
146,Mersing,MY,2022-04-29 02:10:18,overcast clouds,2.4312,103.8405,83.98,75,100,3.89
147,Waipawa,NZ,2022-04-29 02:10:18,clear sky,-41.4122,175.5153,57.47,58,7,7.65
148,Srivardhan,IN,2022-04-29 02:10:19,clear sky,18.0333,73.0167,82.29,82,6,2.86
149,Yamada,JP,2022-04-29 02:10:19,overcast clouds,39.4667,141.95,50.34,45,100,7.74
150,Itarema,BR,2022-04-29 02:10:20,few clouds,-2.9248,-39.9167,76.39,89,21,6.67
151,Tautira,PF,2022-04-29 02:10:20,light rain,-17.7333,-149.15,80.17,76,23,21.03
152,Sri Aman,MY,2022-04-29 02:10:21,broken clouds,1.2376,111.4621,84.76,72,83,3.4
153,Bandundu,CD,2022-04-29 02:10:21,scattered clouds,-3.3167,17.3667,70.79,96,41,1.77
154,Atambua,ID,2022-04-29 02:10:22,scattered clouds,-9.1061,124.8925,83.43,55,42,1.59
155,Tabuk,PH,2022-04-29 02:10:22,overcast clouds,17.4189,121.4443,87.3,56,100,6.49
156,Impfondo,CG,2022-04-29 02:10:23,overcast clouds,1.6381,18.0667,72.16,90,100,0.51
157,Kyzyl-Suu,KG,2022-04-29 02:10:23,clear sky,42.3414,78.0056,49.55,31,0,1.99
158,Husavik,IS,2022-04-29 02:10:24,clear sky,66.0449,-17.3389,42.31,67,8,5.57
159,Tabory,RU,2022-04-29 02:10:25,overcast clouds,58.5198,64.5495,38.68,78,99,9.1
160,Port Alfred,ZA,2022-04-29 02:07:59,clear sky,-33.5906,26.891,66.97,52,10,9.69
161,Broken Hill,AU,2022-04-29 02:10:26,overcast clouds,-31.95,141.4333,76.96,32,99,13.38
162,Palana,RU,2022-04-29 02:10:26,clear sky,59.1167,159.9667,35.02,69,6,18.19
163,Bella Union,UY,2022-04-29 02:10:27,clear sky,-30.2752,-57.6007,53.94,81,0,8.63
164,Piacabucu,BR,2022-04-29 02:10:27,overcast clouds,-10.4056,-36.4344,76.19,83,100,6.11
165,Akyab,MM,2022-04-29 02:10:28,clear sky,20.15,92.9,83.88,73,4,3.4
166,Vanimo,PG,2022-04-29 02:10:29,overcast clouds,-2.6741,141.3028,87.19,62,100,4.12
167,Lebu,CL,2022-04-29 02:07:59,clear sky,-37.6167,-73.65,48.54,80,1,16.37
168,Puerto Quijarro,BO,2022-04-29 02:10:30,broken clouds,-17.7833,-57.7667,83.07,41,84,2.26
169,Pangoa,PE,2022-04-29 02:10:31,overcast clouds,-12.1167,-73.0,67.46,99,100,2.33
170,Khatanga,RU,2022-04-29 02:07:13,broken clouds,71.9667,102.5,17.1,90,63,2.53
171,Namibe,AO,2022-04-29 02:10:32,clear sky,-15.1961,12.1522,73.0,70,5,5.03
172,Souillac,MU,2022-04-29 02:01:30,scattered clouds,-20.5167,57.5167,71.98,94,40,4.61
173,Sitka,US,2022-04-29 02:10:33,scattered clouds,57.0531,-135.33,51.69,62,40,10.36
174,East London,ZA,2022-04-29 02:10:33,clear sky,-33.0153,27.9116,69.66,45,3,8.77
175,Parva,RO,2022-04-29 02:10:34,overcast clouds,47.4,24.55,41.88,94,89,5.91
176,Ilhabela,BR,2022-04-29 02:08:47,broken clouds,-23.7781,-45.3581,76.84,73,68,4.14
177,San Andres Sajcabaja,GT,2022-04-29 02:10:35,scattered clouds,15.2167,-90.9167,65.79,90,49,3.74
178,Nchelenge,ZM,2022-04-29 02:11:35,broken clouds,-9.3451,28.734,63.48,91,71,7.29
179,Pevek,RU,2022-04-29 02:11:36,overcast clouds,69.7008,170.3133,29.03,94,100,9.17
180,Makat,KZ,2022-04-29 02:11:37,clear sky,47.6469,53.3463,64.72,52,10,1.66
181,Sampit,ID,2022-04-29 02:11:37,scattered clouds,-2.5333,112.95,87.49,67,39,0.69
182,Guerrero Negro,MX,2022-04-29 02:08:36,clear sky,27.9769,-114.0611,60.21,72,0,20.67
183,Asahikawa,JP,2022-04-29 02:11:38,overcast clouds,43.7678,142.3703,51.85,29,100,9.01
184,Carnarvon,AU,2022-04-29 02:07:34,clear sky,-24.8667,113.6333,75.27,41,0,19.57
185,Yulara,AU,2022-04-29 02:09:13,overcast clouds,-25.2406,130.9889,75.04,38,100,12.66
186,Vila Do Maio,CV,2022-04-29 02:11:39,clear sky,15.1333,-23.2167,70.66,80,0,15.61
187,Majene,ID,2022-04-29 02:07:25,broken clouds,-3.5403,118.9707,86.18,67,55,5.99
188,Cidreira,BR,2022-04-29 02:11:19,overcast clouds,-30.1811,-50.2056,66.27,86,100,7.58
189,Lodwar,KE,2022-04-29 02:11:40,broken clouds,3.1191,35.5973,76.62,75,72,2.53
190,Ilulissat,GL,2022-04-29 02:11:41,light snow,69.2167,-51.1,26.62,93,100,0.0
191,Lanycsok,HU,2022-04-29 02:11:42,scattered clouds,46.0054,18.6253,49.33,91,28,6.22
192,Seddon,AU,2022-04-29 02:11:42,light rain,-37.8068,144.8916,72.68,74,75,14.97
193,Yazd,IR,2022-04-29 02:11:43,overcast clouds,31.8972,54.3675,70.65,23,99,2.51
194,Kodiak,US,2022-04-29 02:10:24,overcast clouds,57.79,-152.4072,44.11,76,100,20.71
195,Chapais,CA,2022-04-29 02:11:44,broken clouds,49.7834,-74.8492,25.45,89,80,5.77
196,Iskateley,RU,2022-04-29 02:11:45,broken clouds,67.6803,53.1512,18.7,95,79,11.59
197,Luis Gil Perez,MX,2022-04-29 02:11:45,scattered clouds,17.8667,-93.05,79.92,84,29,5.91
198,Sorong,ID,2022-04-29 02:11:46,overcast clouds,-0.8833,131.25,82.51,74,100,8.14
199,Camana,PE,2022-04-29 02:11:46,overcast clouds,-16.6228,-72.7111,66.65,82,100,5.93
200,Maturin,VE,2022-04-29 02:11:47,overcast clouds,9.75,-63.1767,75.2,93,99,5.88
201,San Pedro,PH,2022-04-29 02:11:47,overcast clouds,14.35,121.0167,90.32,69,94,15.12
202,Winchester,GB,2022-04-29 02:11:48,broken clouds,51.0651,-1.3187,47.48,79,82,6.2
203,Agdas,AZ,2022-04-29 02:11:48,broken clouds,40.65,47.4761,51.67,61,83,3.8
204,Los Llanos De Aridane,ES,2022-04-29 02:11:49,scattered clouds,28.6585,-17.9182,60.55,92,40,11.5
205,Aklavik,CA,2022-04-29 02:11:50,overcast clouds,68.2191,-135.0107,24.44,84,100,10.63
206,Cherskiy,RU,2022-04-29 02:11:50,overcast clouds,68.75,161.3,21.34,90,99,11.48
207,Poum,NC,2022-04-29 02:08:06,overcast clouds,-20.2333,164.0167,75.83,78,100,13.06
208,Ornskoldsvik,SE,2022-04-29 02:11:51,scattered clouds,63.2909,18.7153,25.75,80,37,5.75
209,Arcata,US,2022-04-29 02:11:52,clear sky,40.8665,-124.0828,57.2,69,0,5.75
210,Merauke,ID,2022-04-29 02:11:52,overcast clouds,-8.4667,140.3333,84.49,71,100,7.87
211,Bandarbeyla,SO,2022-04-29 02:11:53,scattered clouds,9.4942,50.8122,82.58,79,28,2.59
212,Mabay,PH,2022-04-29 02:11:53,overcast clouds,6.0577,124.4666,83.44,74,98,2.08
213,Lorengau,PG,2022-04-29 02:11:54,broken clouds,-2.0226,147.2712,85.32,68,84,2.98
214,Matara,LK,2022-04-29 02:11:55,overcast clouds,5.9485,80.5353,81.93,76,87,4.9
215,Sao Joao Da Barra,BR,2022-04-29 02:11:55,clear sky,-21.6403,-41.0511,76.05,88,0,12.68
216,Lagoa,PT,2022-04-29 02:09:21,light rain,39.05,-27.9833,62.65,84,100,21.63
217,Kang,BW,2022-04-29 02:11:56,broken clouds,-23.6752,22.7876,60.3,49,74,8.19
218,Inhambane,MZ,2022-04-29 02:11:57,clear sky,-23.865,35.3833,68.43,81,3,4.07
219,Saint John,CA,2022-04-29 02:07:25,overcast clouds,45.2727,-66.0677,36.99,97,100,13.96
220,High Level,CA,2022-04-29 02:11:58,overcast clouds,58.5169,-117.136,35.98,92,100,11.59
221,Nioro,GM,2022-04-29 02:08:17,clear sky,13.35,-15.75,79.5,30,0,8.99
222,Fairbanks,US,2022-04-29 02:11:59,clear sky,64.8378,-147.7164,53.56,33,0,4.61
223,Ayagoz,KZ,2022-04-29 02:10:54,clear sky,47.9714,80.4392,55.54,33,0,9.15
224,Kulhudhuffushi,MV,2022-04-29 02:10:00,overcast clouds,6.6221,73.07,84.51,70,97,1.54
225,Pisco,PE,2022-04-29 02:13:00,clear sky,-13.7,-76.2167,66.25,82,0,5.75
226,Prescott,US,2022-04-29 02:13:00,smoke,34.54,-112.4685,65.25,17,0,14.97
227,Nikolskoye,RU,2022-04-29 02:13:01,light snow,59.7035,30.7861,36.72,86,100,7.63
228,Kuandian,CN,2022-04-29 02:13:01,clear sky,40.7286,124.7847,60.28,26,0,4.97
229,Chokurdakh,RU,2022-04-29 02:09:50,scattered clouds,70.6333,147.9167,8.06,88,47,4.45
230,Blagoveshchenka,RU,2022-04-29 02:11:10,overcast clouds,52.8333,79.8667,59.63,46,96,12.97
231,Camacha,PT,2022-04-29 02:11:20,scattered clouds,33.0833,-16.3333,58.42,77,40,9.22
232,Saint-Pierre,RE,2022-04-29 02:08:31,clear sky,-21.3393,55.4781,74.91,74,0,6.91
233,Seydisehir,TR,2022-04-29 02:13:03,clear sky,37.4193,31.8453,53.94,68,1,2.04
234,Linxia,CN,2022-04-29 02:13:03,overcast clouds,35.6003,103.2064,48.16,69,100,5.53
235,Troitsko-Pechorsk,RU,2022-04-29 02:13:04,clear sky,62.7084,56.1964,22.75,81,9,4.5
236,Broome,US,2022-04-29 02:13:04,clear sky,42.2506,-75.833,37.78,51,0,6.91
237,Jiblah,YE,2022-04-29 02:13:05,clear sky,13.9216,44.1467,62.67,41,0,5.66
238,Camopi,GF,2022-04-29 02:13:06,broken clouds,3.1655,-52.3158,72.01,99,61,2.44
239,Kupang,ID,2022-04-29 02:13:06,overcast clouds,-10.1667,123.5833,85.12,59,99,4.38
240,Scottsbluff,US,2022-04-29 02:13:07,clear sky,41.8666,-103.6672,63.72,42,0,12.66
241,Cururupu,BR,2022-04-29 02:09:27,overcast clouds,-1.8283,-44.8683,74.19,95,97,3.36
242,Tazovskiy,RU,2022-04-29 02:13:08,overcast clouds,67.4667,78.7,18.99,88,100,8.16
243,Esperance,AU,2022-04-29 02:13:08,broken clouds,-33.8667,121.9,60.64,67,82,10.78
244,Paita,PE,2022-04-29 02:09:15,overcast clouds,-5.0892,-81.1144,69.31,79,96,12.8
245,Ararat,AM,2022-04-29 02:13:09,overcast clouds,39.8317,44.7049,59.34,83,100,3.31
246,Bharatpur,IN,2022-04-29 02:13:10,scattered clouds,27.2167,77.4833,95.54,12,42,8.16
247,Bemban,MY,2022-04-29 02:13:11,broken clouds,2.2684,102.3746,83.91,76,78,3.83
248,Dmanisi,GE,2022-04-29 02:13:11,overcast clouds,41.5251,44.3472,52.5,86,100,3.36
249,Gueugnon,FR,2022-04-29 02:13:12,overcast clouds,46.6036,4.0629,44.19,99,100,0.94
250,Belaya Gora,RU,2022-04-29 02:13:12,overcast clouds,68.5333,146.4167,18.57,80,100,4.23
251,Solnechnyy,RU,2022-04-29 02:13:13,clear sky,50.7214,136.6319,40.12,67,3,3.67
252,Houma,US,2022-04-29 02:08:26,clear sky,29.5958,-90.7195,70.0,61,0,3.44
253,Araouane,ML,2022-04-29 02:13:14,clear sky,18.9048,-3.5265,76.3,11,1,4.7
254,Begunitsy,RU,2022-04-29 02:13:14,snow,59.5855,29.3176,31.6,98,100,7.83
255,Beckley,US,2022-04-29 02:13:15,broken clouds,37.7782,-81.1882,52.21,37,75,0.0
256,Arroio Grande,BR,2022-04-29 02:13:00,clear sky,-32.2375,-53.0869,53.37,82,0,10.25
257,Kitgum,UG,2022-04-29 02:13:16,light rain,3.2783,32.8867,63.25,98,100,3.04
258,Najran,SA,2022-04-29 02:13:16,clear sky,17.4924,44.1277,69.67,53,0,2.42
259,Geraldton,AU,2022-04-29 02:03:44,clear sky,-28.7667,114.6,64.81,63,0,12.66
260,Hovd,MN,2022-04-29 02:13:17,clear sky,48.0056,91.6419,46.27,22,8,1.16
261,Ancud,CL,2022-04-29 02:12:00,few clouds,-41.8697,-73.8203,43.36,87,19,4.07
262,Nuuk,GL,2022-04-29 02:13:18,light snow,64.1835,-51.7216,34.41,100,100,31.07
263,Laibin,CN,2022-04-29 02:13:19,broken clouds,23.7,109.2667,79.63,80,71,8.72
264,Maceio,BR,2022-04-29 02:13:19,scattered clouds,-9.6658,-35.7353,76.44,83,40,2.3
265,Bambous Virieux,MU,2022-04-29 02:05:24,scattered clouds,-20.3428,57.7575,74.21,94,40,4.61
266,Bauchi,NG,2022-04-29 02:13:20,overcast clouds,10.5,10.0,82.29,38,98,3.02
267,Provideniya,RU,2022-04-29 02:13:21,snow,64.3833,-173.3,30.36,93,75,22.37
268,Tezu,IN,2022-04-29 02:13:21,few clouds,27.9167,96.1667,86.02,40,13,0.98
269,Warrington,GB,2022-04-29 02:09:40,overcast clouds,53.3925,-2.5802,47.44,78,100,5.75
270,Zapolyarnyy,RU,2022-04-29 02:14:22,light snow,69.4154,30.8136,18.68,93,100,14.65
271,Sal Rei,CV,2022-04-29 02:14:23,clear sky,16.1833,-22.9167,69.73,82,3,16.84
272,De-Kastri,RU,2022-04-29 02:14:23,overcast clouds,51.4667,140.7833,36.55,71,98,17.22
273,Burgeo,CA,2022-04-29 02:14:24,overcast clouds,47.6167,-57.6152,40.15,87,96,16.6
274,Aksu,CN,2022-04-29 02:14:24,clear sky,41.1231,80.2644,56.86,49,0,12.95
275,Atbasar,KZ,2022-04-29 02:14:25,overcast clouds,51.8,68.3333,59.86,43,100,8.23
276,Morro Bay,US,2022-04-29 02:14:25,clear sky,35.3658,-120.8499,67.12,65,0,13.0
277,Moose Factory,CA,2022-04-29 02:14:26,clear sky,51.2585,-80.6094,26.62,96,7,1.72
278,Baker City,US,2022-04-29 02:14:26,clear sky,44.7749,-117.8344,42.6,77,0,13.8
279,Lata,PT,2022-04-29 02:14:27,scattered clouds,40.1629,-8.3327,53.08,85,28,4.18
280,Le Port,RE,2022-04-29 02:14:27,broken clouds,-20.9373,55.2919,75.25,76,83,10.33
281,Vigrestad,NO,2022-04-29 02:14:28,few clouds,58.5667,5.7,40.96,88,22,12.8
282,Kristiansund,NO,2022-04-29 02:14:29,overcast clouds,63.1115,7.732,39.25,87,100,3.44
283,Vostok,RU,2022-04-29 02:14:29,clear sky,46.4856,135.8833,45.93,28,0,9.17
284,Maine-Soroa,NE,2022-04-29 02:14:30,overcast clouds,13.2114,12.0241,86.49,36,100,7.63
285,Hasaki,JP,2022-04-29 02:12:15,light rain,35.7333,140.8333,59.4,81,100,17.18
286,Lesosibirsk,RU,2022-04-29 02:14:30,overcast clouds,58.2358,92.4828,52.72,80,100,7.52
287,Ripoll,ES,2022-04-29 02:14:31,overcast clouds,42.2006,2.1903,53.58,78,89,1.99
288,Ponta Do Sol,PT,2022-04-29 02:14:31,overcast clouds,32.6667,-17.1,63.72,82,100,4.83
289,Price,US,2022-04-29 02:14:32,clear sky,39.5994,-110.8107,66.11,13,0,14.97
290,Shanghai,CN,2022-04-29 02:11:51,broken clouds,31.2222,121.4581,57.92,71,75,11.18
291,Nhulunbuy,AU,2022-04-29 02:14:33,scattered clouds,-12.2333,136.7667,90.21,58,40,10.36
292,Kahului,US,2022-04-29 02:12:26,scattered clouds,20.8947,-156.47,86.02,60,40,21.85
293,Saint-Augustin,CA,2022-04-29 02:14:33,snow,51.226,-58.6502,33.93,98,100,16.46
294,Vila Franca Do Campo,PT,2022-04-29 02:14:34,moderate rain,37.7167,-25.4333,64.2,96,100,25.52
295,Petauke,ZM,2022-04-29 02:14:34,clear sky,-14.2426,31.3253,57.9,89,5,8.01
296,Chengzihe,CN,2022-04-29 02:14:35,clear sky,45.3333,131.0667,54.91,18,2,6.62
297,Srednekolymsk,RU,2022-04-29 02:14:36,overcast clouds,67.45,153.6833,23.07,82,99,6.64
298,Pochutla,MX,2022-04-29 02:14:36,clear sky,15.7432,-96.4661,82.81,69,3,4.56
299,Dhidhdhoo,MV,2022-04-29 02:14:37,overcast clouds,6.8833,73.1,84.49,70,98,1.1
300,Eyl,SO,2022-04-29 02:14:37,few clouds,7.9803,49.8164,81.77,77,11,2.95
301,Durban,ZA,2022-04-29 02:14:38,clear sky,-29.8579,31.0292,64.02,67,0,7.18
302,Santo Domingo,DO,2022-04-29 02:14:00,broken clouds,18.5001,-69.9886,77.04,78,75,5.99
303,Kapuskasing,CA,2022-04-29 02:14:38,clear sky,49.4169,-82.4331,29.28,93,6,2.95
304,Waddan,LY,2022-04-29 02:14:39,clear sky,29.1614,16.139,62.73,59,0,11.63
305,Tiznit,MA,2022-04-29 02:14:40,scattered clouds,29.5833,-9.5,57.81,75,50,4.61
306,Padang,ID,2022-04-29 02:14:40,overcast clouds,-0.9492,100.3543,80.65,73,99,0.47
307,Dalby,AU,2022-04-29 02:14:41,broken clouds,-27.1833,151.2667,80.98,50,73,4.0
308,Port Lincoln,AU,2022-04-29 02:14:41,overcast clouds,-34.7333,135.8667,66.47,65,100,14.92
309,Severodvinsk,RU,2022-04-29 02:13:48,overcast clouds,64.5635,39.8302,28.51,87,87,6.15
310,Leningradskiy,RU,2022-04-29 02:14:42,overcast clouds,69.3833,178.4167,26.4,91,100,5.37
311,Gloucester,GB,2022-04-29 02:14:43,overcast clouds,51.8657,-2.2431,47.44,79,100,3.0
312,Kruisfontein,ZA,2022-04-29 02:14:43,clear sky,-34.0033,24.7314,59.88,51,5,8.46
313,Saint-Francois,FR,2022-04-29 02:14:44,clear sky,46.4154,3.9054,43.68,93,0,3.44
314,Nome,US,2022-04-29 02:13:01,overcast clouds,64.5011,-165.4064,42.87,70,100,12.66
315,Kotelnikovo,RU,2022-04-29 02:14:44,scattered clouds,47.6317,43.1461,50.9,59,49,11.39
316,Lagoa Formosa,BR,2022-04-29 02:14:45,overcast clouds,-18.7786,-46.4075,70.02,66,100,3.4
317,Zaysan,KZ,2022-04-29 02:14:45,clear sky,47.4667,84.8667,56.89,24,0,1.79
318,Furano,JP,2022-04-29 02:14:46,overcast clouds,43.2818,142.4743,46.78,44,100,9.06
319,Siderno,IT,2022-04-29 02:15:47,overcast clouds,38.2779,16.302,63.34,58,100,5.03
320,Walvis Bay,NA,2022-04-29 02:15:47,scattered clouds,-22.9575,14.5053,61.75,72,26,6.91
321,Pangkalanbuun,ID,2022-04-29 02:15:48,overcast clouds,-2.6833,111.6167,87.06,69,100,1.05
322,Klaksvik,FO,2022-04-29 02:15:49,clear sky,62.2266,-6.589,41.92,78,8,3.85
323,La Paz,BO,2022-04-29 02:14:32,clear sky,-16.5,-68.15,37.38,86,5,4.61
324,Rio Gallegos,AR,2022-04-29 02:15:49,broken clouds,-51.6226,-69.2181,39.25,75,75,21.85
325,Batemans Bay,AU,2022-04-29 02:11:14,scattered clouds,-35.7167,150.1833,69.1,50,25,1.21
326,Chkalovskoye,RU,2022-04-29 02:15:50,clear sky,44.8392,133.0436,54.43,20,0,6.98
327,Kadaya,RU,2022-04-29 02:15:51,overcast clouds,50.9327,119.2911,42.89,46,99,13.04
328,Mahajanga,MG,2022-04-29 02:15:51,few clouds,-15.7167,46.3167,71.62,94,20,6.91
329,Goundi,TD,2022-04-29 02:15:52,overcast clouds,9.3627,17.366,80.67,62,100,6.26
330,Tahta,EG,2022-04-29 02:15:52,scattered clouds,26.7693,31.5021,78.04,9,42,4.63
331,Buri,BR,2022-04-29 02:15:53,scattered clouds,-23.7975,-48.5928,67.1,86,31,1.63
332,Bantry,IE,2022-04-29 02:15:54,overcast clouds,51.6833,-9.45,43.79,89,100,0.51
333,Nein,IL,2022-04-29 02:15:54,clear sky,32.6306,35.3489,56.14,67,0,2.35
334,Kihei,US,2022-04-29 02:13:13,light rain,20.785,-156.4656,86.02,64,40,21.85
335,Victoria,HK,2022-04-29 02:12:44,scattered clouds,22.2855,114.1577,86.97,79,48,8.01
336,Batote,IN,2022-04-29 02:15:55,overcast clouds,33.1227,75.321,66.25,49,100,9.6
337,Karratha,AU,2022-04-29 02:15:56,light rain,-20.7377,116.8463,74.46,73,100,15.97
338,Arlit,NE,2022-04-29 02:15:56,broken clouds,18.7369,7.3853,76.64,9,74,5.64
339,Embonas,GR,2022-04-29 02:15:57,clear sky,36.2269,27.8564,57.83,72,0,0.67
340,Nadym,RU,2022-04-29 02:15:57,light snow,65.5333,72.5167,22.98,94,100,11.59
341,Florianopolis,BR,2022-04-29 02:13:40,broken clouds,-27.6146,-48.5012,70.41,98,75,2.3
342,Kamina,CD,2022-04-29 02:15:58,scattered clouds,-8.7386,24.9906,62.28,93,42,5.32
343,Jijiga,ET,2022-04-29 02:15:59,light rain,9.35,42.8,63.12,83,42,4.54
344,Leshukonskoye,RU,2022-04-29 02:15:59,overcast clouds,64.8989,45.7622,25.12,83,100,8.32
345,Vallenar,CL,2022-04-29 02:16:00,clear sky,-28.5708,-70.7581,64.89,42,0,1.72
346,Asau,RO,2022-04-29 02:16:00,light rain,46.4333,26.4,47.32,97,100,5.64
347,Canto Do Buriti,BR,2022-04-29 02:16:01,overcast clouds,-8.11,-42.9444,74.97,70,88,4.45
348,Nkowakowa,ZA,2022-04-29 02:16:01,clear sky,-23.8878,30.2871,57.51,65,0,4.05
349,Luderitz,NA,2022-04-29 02:16:02,few clouds,-26.6481,15.1594,58.89,76,15,9.78
350,Katsuura,JP,2022-04-29 02:16:03,overcast clouds,35.1333,140.3,60.82,89,100,13.96
351,Sehithwa,BW,2022-04-29 02:16:03,clear sky,-20.4667,22.7167,61.52,50,5,6.82
352,Xuddur,SO,2022-04-29 02:16:04,overcast clouds,4.1213,43.8894,74.25,81,100,9.35
353,Salalah,OM,2022-04-29 02:12:18,few clouds,17.0151,54.0924,84.29,84,20,4.61
354,Riverton,US,2022-04-29 02:16:04,clear sky,40.5219,-111.9391,63.64,36,0,8.99
355,Cascais,PT,2022-04-29 02:16:05,clear sky,38.6979,-9.4215,61.97,66,2,28.99
356,Hutchinson,US,2022-04-29 02:14:34,clear sky,38.0608,-97.9298,70.03,76,0,18.41
357,Aswan,EG,2022-04-29 02:16:06,clear sky,24.0934,32.907,81.93,12,0,7.45
358,Necochea,AR,2022-04-29 02:16:07,overcast clouds,-38.5473,-58.7368,48.63,56,93,13.35
359,Sambava,MG,2022-04-29 02:16:07,broken clouds,-14.2667,50.1667,73.58,86,53,10.89
360,Cap-Aux-Meules,CA,2022-04-29 02:16:08,mist,47.3821,-61.8597,33.85,100,100,16.11
361,Almaznyy,RU,2022-04-29 02:16:08,scattered clouds,48.0448,40.045,48.76,68,28,7.34
362,Komsomolskiy,UZ,2022-04-29 02:16:09,overcast clouds,40.4272,71.7189,66.92,63,100,2.3
363,Mattru,SL,2022-04-29 02:16:09,overcast clouds,7.6244,-11.8332,73.08,92,100,0.54
364,Tommot,RU,2022-04-29 02:17:10,broken clouds,58.9564,126.2925,35.08,54,71,5.26
365,Mezen,RU,2022-04-29 02:17:10,overcast clouds,65.8522,44.24,26.35,92,100,7.38
366,Abohar,IN,2022-04-29 02:17:11,clear sky,30.15,74.1833,90.77,14,1,6.06
367,Veracruz,MX,2022-04-29 02:14:30,scattered clouds,19.3333,-96.6667,71.78,82,30,2.59
368,Maues,BR,2022-04-29 02:17:12,overcast clouds,-3.3836,-57.7186,74.82,94,100,1.25
369,Jerecuaro,MX,2022-04-29 02:17:12,overcast clouds,20.15,-100.5167,69.73,39,91,5.17
370,Zhangye,CN,2022-04-29 02:17:13,overcast clouds,38.9342,100.4517,49.35,27,100,15.86
371,Luanda,AO,2022-04-29 02:15:29,overcast clouds,-8.8368,13.2343,75.94,92,100,11.05
372,Dergachi,RU,2022-04-29 02:17:14,clear sky,51.2328,48.7659,43.36,81,0,9.57
373,Tadine,NC,2022-04-29 02:17:14,light rain,-21.55,167.8833,73.38,80,100,22.24
374,Kochubey,RU,2022-04-29 02:17:15,overcast clouds,44.3861,46.5825,60.03,70,99,7.56
375,Talas,TR,2022-04-29 02:17:16,clear sky,38.6908,35.5538,47.07,53,0,0.0
376,Ignacio Zaragoza,MX,2022-04-29 02:17:16,clear sky,28.3833,-107.2167,60.78,15,0,16.58
377,Paamiut,GL,2022-04-29 02:17:17,overcast clouds,61.994,-49.6678,36.93,86,100,16.33
378,Antalaha,MG,2022-04-29 02:17:17,few clouds,-14.9003,50.2788,72.21,87,24,8.72
379,Aljezur,PT,2022-04-29 02:17:18,clear sky,37.3191,-8.8033,55.29,83,0,7.25
380,Portland,US,2022-04-29 02:16:57,broken clouds,45.5234,-122.6762,53.62,76,75,3.44
381,Avola,IT,2022-04-29 02:17:18,overcast clouds,36.9113,15.1395,61.09,76,100,8.55
382,Kirakira,SB,2022-04-29 02:17:19,overcast clouds,-10.4544,161.9205,84.65,74,100,3.74
383,Nizwa,OM,2022-04-29 02:17:20,clear sky,22.9333,57.5333,80.91,45,0,3.62
384,Dunedin,NZ,2022-04-29 02:16:23,clear sky,-45.8742,170.5036,58.8,65,0,1.01
385,Otjiwarongo,NA,2022-04-29 02:17:20,broken clouds,-20.4637,16.6477,61.84,58,51,6.62
386,Yakymivka,UA,2022-04-29 02:17:21,broken clouds,46.6897,35.1536,52.93,65,54,8.95
387,San Juan,AR,2022-04-29 02:15:23,clear sky,-31.5375,-68.5364,52.07,34,0,5.08
388,Padilla,CO,2022-04-29 02:17:22,overcast clouds,3.2204,-76.3139,67.57,93,99,3.4
389,Arroyo,ES,2022-04-29 02:17:22,clear sky,41.6096,-4.7969,48.6,90,0,4.61
390,Buchanan,LR,2022-04-29 02:16:19,moderate rain,5.8808,-10.0467,78.91,82,100,1.48
391,Monte Alegre De Minas,BR,2022-04-29 02:17:23,scattered clouds,-18.8706,-48.8808,70.97,57,47,4.92
392,Jolalpan,MX,2022-04-29 02:17:24,broken clouds,18.325,-98.8417,82.36,38,53,4.56
393,Byron Bay,AU,2022-04-29 02:15:41,scattered clouds,-28.65,153.6167,75.7,83,33,6.31
394,Nabire,ID,2022-04-29 02:17:25,broken clouds,-3.3667,135.4833,86.27,65,55,4.32
395,Montalban,FR,2022-04-29 02:17:25,overcast clouds,44.0167,1.35,57.99,95,89,6.24
396,Sindor,RU,2022-04-29 02:17:26,few clouds,62.8629,51.8905,25.7,77,15,5.66
397,Adrar,MR,2022-04-29 02:17:26,clear sky,20.5022,-10.0711,72.37,16,0,9.33
398,Marsh Harbour,BS,2022-04-29 02:17:27,clear sky,26.5412,-77.0636,74.73,70,6,8.25
399,Alofi,NU,2022-04-29 02:15:21,scattered clouds,-19.0595,-169.9187,82.29,78,40,13.8
400,Kupino,RU,2022-04-29 02:17:28,overcast clouds,54.3663,77.2981,62.83,46,100,10.42
401,Kenora,CA,2022-04-29 02:15:26,overcast clouds,49.8167,-94.4337,45.57,33,100,4.61
402,Kieta,PG,2022-04-29 02:17:28,overcast clouds,-6.2167,155.6333,86.58,59,99,4.21
403,Codrington,AU,2022-04-29 02:17:13,light rain,-38.2667,141.9667,70.5,51,100,16.75
404,Gazli,UZ,2022-04-29 02:17:29,clear sky,40.1333,63.45,70.81,32,2,9.73
405,Guadalupe Y Calvo,MX,2022-04-29 02:17:30,clear sky,26.1,-106.9667,50.99,25,1,3.83
406,San Cristobal,VE,2022-04-29 02:17:30,overcast clouds,7.7669,-72.225,68.18,94,100,1.21
407,Sabirabad,AZ,2022-04-29 02:17:31,few clouds,40.0095,48.4752,62.94,62,14,4.47
408,Kondopoga,RU,2022-04-29 02:17:31,overcast clouds,62.2057,34.2614,31.69,88,100,3.36
409,Sao Filipe,CV,2022-04-29 02:17:32,clear sky,14.8961,-24.4956,71.4,73,5,8.39
410,Uyovu,TZ,2022-04-29 02:17:32,light rain,-3.2833,31.5258,63.68,97,100,3.56
411,Saint-Denis,FR,2022-04-29 02:18:33,clear sky,48.9167,2.3333,55.89,69,0,10.36
412,Consett,GB,2022-04-29 02:18:33,few clouds,54.854,-1.8316,35.35,91,20,2.15
413,Port-Gentil,GA,2022-04-29 02:18:34,overcast clouds,-0.7193,8.7815,80.42,80,100,6.93
414,Rudnyy,KZ,2022-04-29 02:18:35,broken clouds,52.9594,63.1206,55.63,47,59,10.02
415,Sangar,RU,2022-04-29 02:18:35,few clouds,63.9242,127.4739,29.77,76,16,4.18
416,Uyuni,BO,2022-04-29 02:18:36,clear sky,-20.4597,-66.825,50.18,68,9,14.56
417,Luziania,BR,2022-04-29 02:18:36,overcast clouds,-16.2525,-47.9503,73.09,55,98,3.58
418,Mount Gambier,AU,2022-04-29 02:18:37,light rain,-37.8333,140.7667,68.31,59,100,11.21
419,Yidu,CN,2022-04-29 02:18:38,broken clouds,24.1614,115.1328,82.94,73,51,3.67
420,Hambantota,LK,2022-04-29 02:17:41,overcast clouds,6.1241,81.1185,82.13,75,98,7.07
421,Kutum,SD,2022-04-29 02:18:38,scattered clouds,14.2,24.6667,76.06,13,32,4.68
422,Owo,NG,2022-04-29 02:18:39,overcast clouds,7.1962,5.5868,72.54,96,85,3.22
423,Constantine,DZ,2022-04-29 02:18:40,broken clouds,36.365,6.6147,53.01,93,75,3.44
424,Lenger,KZ,2022-04-29 02:18:40,overcast clouds,42.183,69.8839,62.04,42,100,5.19
425,Ampanihy,MG,2022-04-29 02:17:17,clear sky,-24.7,44.75,62.15,73,0,11.23
426,Vestavia Hills,US,2022-04-29 02:18:41,few clouds,33.4487,-86.7878,65.64,70,20,3.44
427,Nsanje,MW,2022-04-29 02:18:41,clear sky,-16.92,35.262,62.82,98,6,2.37
428,Nanortalik,GL,2022-04-29 02:18:42,overcast clouds,60.1432,-45.2371,37.94,84,100,3.76
429,Torbay,CA,2022-04-29 02:18:42,fog,47.6666,-52.7314,36.88,96,100,3.44
430,Hobyo,SO,2022-04-29 02:18:43,scattered clouds,5.3505,48.5268,83.21,73,46,7.27
431,Elk Grove,US,2022-04-29 02:13:48,clear sky,38.4088,-121.3716,71.08,50,0,11.5
432,Pohrebyshche,UA,2022-04-29 02:18:44,overcast clouds,49.4864,29.2636,44.58,88,100,2.55
433,Balikpapan,ID,2022-04-29 02:14:37,few clouds,-1.2675,116.8289,83.39,84,20,5.75
434,Kuito,AO,2022-04-29 02:18:44,overcast clouds,-12.3833,16.9333,61.57,77,98,4.76
435,Tucupita,VE,2022-04-29 02:18:45,overcast clouds,9.0622,-62.051,76.32,89,91,5.06
436,Udachnyy,RU,2022-04-29 02:18:45,broken clouds,66.4167,112.4,34.93,100,83,7.9
437,Magnolia,US,2022-04-29 02:18:46,overcast clouds,33.2671,-93.2393,65.89,71,92,5.84
438,Sao Desiderio,BR,2022-04-29 02:18:47,overcast clouds,-12.3633,-44.9733,72.39,56,96,5.61
439,Port Hawkesbury,CA,2022-04-29 02:18:47,overcast clouds,45.6169,-61.3485,41.63,98,100,11.5
440,Cayenne,GF,2022-04-29 02:18:48,mist,4.9333,-52.3333,76.08,1,75,6.91
441,Segovia,ES,2022-04-29 02:18:48,clear sky,41.1667,-4.0,48.43,83,2,3.33
442,Kelvington,CA,2022-04-29 02:18:49,few clouds,52.1667,-103.5343,38.98,88,23,9.75
443,Olafsvik,IS,2022-04-29 02:18:49,overcast clouds,64.8945,-23.7142,45.68,92,100,9.53
444,Laguna,US,2022-04-29 02:17:15,clear sky,38.421,-121.4238,70.14,50,0,11.5
445,Komsomolets,KZ,2022-04-29 02:18:50,few clouds,53.7453,62.0708,55.76,76,15,13.18
446,Havoysund,NO,2022-04-29 02:18:50,light snow,70.9963,24.6622,26.83,68,100,23.94
447,Brownwood,US,2022-04-29 02:15:41,few clouds,31.7093,-98.9912,81.72,50,20,12.66
448,Larsnes,NO,2022-04-29 02:18:51,overcast clouds,62.2028,5.5773,43.45,87,100,1.68
449,Hacari,CO,2022-04-29 02:18:52,overcast clouds,8.3233,-73.1489,66.04,98,100,2.28
450,Ambilobe,MG,2022-04-29 02:18:52,broken clouds,-13.2,49.05,72.23,95,73,3.36
451,Sungaipenuh,ID,2022-04-29 02:18:53,overcast clouds,-2.0833,101.3833,75.15,69,90,3.44
452,Lopsmarka,NO,2022-04-29 02:18:53,scattered clouds,67.3134,14.4493,30.09,90,40,17.27
453,Pimentel,PE,2022-04-29 02:18:54,overcast clouds,-6.8367,-79.9342,66.7,86,86,12.37
454,Yining,CN,2022-04-29 02:18:54,light rain,29.0361,114.5636,55.33,89,100,2.84
455,Okaihau,NZ,2022-04-29 02:18:55,broken clouds,-35.3167,173.7833,63.52,76,61,5.64
456,Los Andes,CL,2022-04-29 02:16:14,clear sky,-32.8337,-70.5983,54.01,27,0,2.35
457,Duzce,TR,2022-04-29 02:18:56,scattered clouds,40.8389,31.1639,52.11,94,29,0.94
458,Faya,SA,2022-04-29 02:19:56,light rain,18.3851,42.4509,55.51,62,9,5.3
459,Kaitong,CN,2022-04-29 02:19:57,overcast clouds,44.8135,123.15,60.66,15,100,14.5
460,Maroantsetra,MG,2022-04-29 02:19:57,overcast clouds,-15.4333,49.7333,72.84,83,89,7.25
461,Potiskum,NG,2022-04-29 02:19:58,overcast clouds,11.7091,11.0694,88.05,18,100,6.64
462,Waingapu,ID,2022-04-29 02:19:58,overcast clouds,-9.6567,120.2641,82.92,72,88,7.38
463,Teya,RU,2022-04-29 02:19:59,light rain,60.3778,92.6267,44.37,97,100,8.77
464,Imeni Poliny Osipenko,RU,2022-04-29 02:19:59,few clouds,52.4201,136.4853,38.5,61,15,6.76
465,Kohima,IN,2022-04-29 02:20:00,clear sky,25.6667,94.1167,78.22,36,0,1.3
466,Jambi,ID,2022-04-29 02:20:01,overcast clouds,-1.6,103.6167,84.22,74,85,2.73
467,Rapid Valley,US,2022-04-29 02:19:52,scattered clouds,44.0625,-103.1463,58.44,54,40,8.01
468,Ngaoundere,CM,2022-04-29 02:20:01,overcast clouds,7.3167,13.5833,65.25,85,100,2.19
469,Sabla,NG,2022-04-29 02:20:02,overcast clouds,12.7525,4.7077,84.42,28,99,7.18
470,Evans,US,2022-04-29 02:19:59,clear sky,33.5337,-82.1307,65.03,63,5,4.09
471,Puri,IN,2022-04-29 02:20:03,scattered clouds,19.8,85.85,84.72,82,35,16.33
472,Vestmanna,FO,2022-04-29 02:20:03,overcast clouds,62.1564,-7.1664,40.12,87,100,1.14
473,Polovinnoye,RU,2022-04-29 02:20:04,overcast clouds,54.7914,65.9864,59.67,49,85,9.13
474,Japura,ID,2022-04-29 02:20:05,overcast clouds,-0.3167,102.35,82.42,81,99,2.53
475,Port Hedland,AU,2022-04-29 02:20:05,light rain,-20.3167,118.5667,73.45,83,100,13.8
476,Shimanovsk,RU,2022-04-29 02:20:06,overcast clouds,52.0,127.7,43.72,21,100,7.58
477,Barranca,PE,2022-04-29 02:20:06,broken clouds,-10.75,-77.7667,65.66,88,73,5.23
478,Canmore,CA,2022-04-29 02:15:30,overcast clouds,51.0834,-115.3521,43.81,26,87,4.61
479,Tessalit,ML,2022-04-29 02:20:07,clear sky,20.1986,1.0114,78.82,12,0,6.71
480,Gizo,SB,2022-04-29 02:20:08,light rain,-8.103,156.8419,84.92,69,48,1.77
481,Lipany,SK,2022-04-29 02:20:08,clear sky,49.1538,20.9638,44.31,91,9,4.54
482,Ellisras,ZA,2022-04-29 02:20:09,clear sky,-23.6649,27.7443,55.8,66,0,2.06
483,Chongwe,ZM,2022-04-29 02:20:09,clear sky,-15.3292,28.682,55.27,96,4,3.22
484,Ishigaki,JP,2022-04-29 02:20:10,scattered clouds,24.3448,124.1572,86.13,84,40,17.27
485,Las Vegas,US,2022-04-29 02:19:54,clear sky,36.175,-115.1372,81.28,10,0,24.16
486,Banff,CA,2022-04-29 02:15:25,overcast clouds,51.1762,-115.5698,42.03,26,93,4.61
487,Hamilton,US,2022-04-29 02:15:26,broken clouds,39.1834,-84.5333,57.24,50,75,10.36
488,Chingola,ZM,2022-04-29 02:20:11,clear sky,-12.529,27.8838,53.46,97,1,4.61
489,Jalu,LY,2022-04-29 02:20:12,clear sky,29.0331,21.5482,76.86,12,0,3.11
490,Potosi,BO,2022-04-29 02:20:12,clear sky,-19.5836,-65.7531,44.26,82,0,5.19
491,Honiara,SB,2022-04-29 02:20:13,overcast clouds,-9.4333,159.95,86.14,69,99,3.67
492,Port Blair,IN,2022-04-29 02:20:14,mist,11.6667,92.75,86.04,79,75,2.3
493,Lavrentiya,RU,2022-04-29 02:20:14,overcast clouds,65.5833,-171.0,30.87,95,98,11.45
494,Baykit,RU,2022-04-29 02:20:15,overcast clouds,61.67,96.37,41.34,98,100,4.09
495,Hailar,CN,2022-04-29 02:20:15,overcast clouds,49.2,119.7,43.38,54,90,13.49
496,Zhigansk,RU,2022-04-29 02:20:16,overcast clouds,66.7697,123.3711,26.89,93,85,12.33
497,Slyudyanka,RU,2022-04-29 02:20:16,overcast clouds,51.6594,103.7061,43.99,68,94,3.31
498,Yar-Sale,RU,2022-04-29 02:20:17,overcast clouds,66.8333,70.8333,16.86,84,100,5.61
499,Cuddapah,IN,2022-04-29 02:20:18,clear sky,14.4667,78.8167,88.0,51,7,2.55
500,Pouembout,NC,2022-04-29 02:20:18,overcast clouds,-21.1333,164.9,73.53,81,100,6.51
501,Neringa,LT,2022-04-29 02:20:19,overcast clouds,55.3719,21.0647,43.16,66,100,5.08
502,Sola,VU,2022-04-29 02:20:19,overcast clouds,-13.8833,167.55,81.68,73,100,7.36
503,Khani,GE,2022-04-29 02:20:20,overcast clouds,41.9563,42.9566,42.37,82,100,2.84
504,Junction City,US,2022-04-29 02:18:02,scattered clouds,39.0286,-96.8314,73.26,68,40,13.8
505,Tilichiki,RU,2022-04-29 02:21:21,overcast clouds,60.4667,166.1,31.69,98,98,7.78
506,Ritchie,ZA,2022-04-29 02:21:21,few clouds,-29.038,24.6028,58.21,63,20,16.58
507,Strezhevoy,RU,2022-04-29 02:21:22,light rain,60.7333,77.5889,51.75,97,96,9.35
508,Xiashi,CN,2022-04-29 02:21:23,overcast clouds,30.5363,120.6864,57.22,83,100,11.92
509,Harper,LR,2022-04-29 02:21:23,overcast clouds,4.375,-7.7169,79.18,81,93,2.15
510,Eydhafushi,MV,2022-04-29 02:21:24,overcast clouds,5.1033,73.0708,84.9,70,100,5.55
511,Oranjemund,NA,2022-04-29 02:16:25,clear sky,-28.55,16.4333,53.78,95,0,2.24
512,Avera,US,2022-04-29 02:21:25,clear sky,33.194,-82.5271,60.31,50,5,4.83
513,Smithers,CA,2022-04-29 02:21:25,scattered clouds,54.7804,-127.1743,46.72,53,40,9.22
514,Ketchikan,US,2022-04-29 02:16:50,few clouds,55.3422,-131.6461,54.07,50,20,9.22
515,Mundra,IN,2022-04-29 02:21:26,clear sky,22.85,69.7333,82.24,75,0,9.44
516,Chegdomyn,RU,2022-04-29 02:21:26,clear sky,51.1167,133.0167,44.71,51,6,4.52
517,Kibiti,TZ,2022-04-29 02:21:27,overcast clouds,-7.7218,38.9375,69.1,97,89,3.83
518,Bubaque,GW,2022-04-29 02:21:27,overcast clouds,11.2833,-15.8333,76.87,74,99,16.93
519,Egvekinot,RU,2022-04-29 02:21:28,few clouds,66.3167,-179.1667,30.7,82,13,4.07
520,Muisne,EC,2022-04-29 02:21:29,overcast clouds,0.6,-80.0333,76.44,88,99,7.18
521,Korfovskiy,RU,2022-04-29 02:21:29,few clouds,48.2183,135.0564,54.86,30,14,12.21
522,Carballo,ES,2022-04-29 02:21:30,overcast clouds,43.213,-8.691,54.75,92,89,3.74
523,Bairiki,KI,2022-04-29 02:21:30,scattered clouds,1.3292,172.9752,86.0,70,40,14.97
524,Elat,IL,2022-04-29 02:20:56,clear sky,29.5581,34.9482,69.64,28,0,6.91
525,Wajir,KE,2022-04-29 02:21:31,moderate rain,1.7471,40.0573,72.73,91,61,1.97
526,Dongning,CN,2022-04-29 02:21:32,clear sky,44.0622,131.1207,56.84,24,0,8.46
527,Suba,PH,2022-04-29 02:21:32,overcast clouds,10.8438,121.0102,82.67,76,100,2.89
528,Fenoarivo,MG,2022-04-29 02:21:33,broken clouds,-18.933,47.4354,57.27,67,75,6.91
529,Aksarka,RU,2022-04-29 02:21:33,broken clouds,66.5606,67.7975,12.16,84,76,3.69
530,Abu Samrah,SY,2022-04-29 02:21:34,clear sky,35.3029,37.1841,65.98,48,2,4.99
531,Lakes Entrance,AU,2022-04-29 02:21:34,overcast clouds,-37.8811,147.981,78.17,57,100,6.33
532,Nicoya,CR,2022-04-29 02:21:35,broken clouds,10.1483,-85.452,79.11,73,84,9.89
533,Haines Junction,CA,2022-04-29 02:21:35,broken clouds,60.7522,-137.5108,42.75,65,79,2.3
534,Ginir,ET,2022-04-29 02:21:36,overcast clouds,7.1333,40.7,57.63,84,97,3.49
535,Tierralta,CO,2022-04-29 02:21:36,overcast clouds,8.1736,-76.0592,75.92,96,100,1.92
536,Muros,ES,2022-04-29 02:21:37,broken clouds,42.7762,-9.0603,55.09,83,64,8.68
537,Ariquemes,BR,2022-04-29 02:21:37,overcast clouds,-9.9133,-63.0408,74.7,88,100,2.3
538,Paracuru,BR,2022-04-29 02:17:19,few clouds,-3.41,-39.0306,79.11,88,24,7.7
539,Miamisburg,US,2022-04-29 02:21:38,overcast clouds,39.6428,-84.2866,56.1,52,100,5.75
540,Nador,MA,2022-04-29 02:21:39,broken clouds,35.174,-2.9287,61.05,77,75,8.05
541,Itoman,JP,2022-04-29 02:21:39,broken clouds,26.1247,127.6694,84.58,85,75,17.27
542,Samarai,PG,2022-04-29 02:21:40,clear sky,-10.6167,150.6667,85.42,68,8,9.89
543,Bonavista,CA,2022-04-29 02:21:40,overcast clouds,48.6499,-53.1147,36.27,95,100,9.08
544,Tukrah,LY,2022-04-29 02:21:41,overcast clouds,32.5341,20.5791,68.88,41,100,15.14
545,Gryazi,RU,2022-04-29 02:21:41,overcast clouds,52.4966,39.9359,41.11,66,96,8.63
546,Prieska,ZA,2022-04-29 02:21:42,clear sky,-29.6641,22.7474,65.7,57,3,16.35
547,Katherine,AU,2022-04-29 02:21:23,clear sky,-14.4667,132.2667,93.52,46,0,4.61
548,Shenjiamen,CN,2022-04-29 02:21:43,overcast clouds,29.9576,122.298,56.7,87,100,20.18
549,Olbia,IT,2022-04-29 02:17:36,clear sky,40.9214,9.4856,44.65,87,0,1.14
550,Shiraz,IR,2022-04-29 02:17:57,few clouds,29.6036,52.5388,56.64,51,18,0.0
551,Pulandian,CN,2022-04-29 02:22:44,clear sky,39.3953,121.9669,61.23,30,0,8.88
552,Adeje,ES,2022-04-29 02:22:45,few clouds,28.1227,-16.726,63.48,69,20,8.05
553,Atar,MR,2022-04-29 02:22:45,clear sky,20.5169,-13.0499,75.42,16,3,7.58
554,Doume,CM,2022-04-29 02:22:46,overcast clouds,4.2333,13.45,68.85,98,100,2.39
555,Kavaratti,IN,2022-04-29 02:22:46,broken clouds,10.5669,72.642,84.67,75,75,5.19
556,Plouzane,FR,2022-04-29 02:22:47,mist,48.3833,-4.6167,48.52,100,11,8.05
557,Noumea,NC,2022-04-29 02:22:47,light rain,-22.2763,166.4572,75.99,99,100,19.01
558,Bukama,CD,2022-04-29 02:22:48,scattered clouds,-9.2,25.85,65.17,95,42,2.24
559,Ozinki,RU,2022-04-29 02:22:48,clear sky,51.1786,49.6769,42.75,81,2,10.69
560,Itainopolis,BR,2022-04-29 02:22:49,broken clouds,-7.4469,-41.4783,76.05,67,75,4.81
561,Marzuq,YE,2022-04-29 02:22:50,few clouds,14.4,46.4667,69.44,48,14,4.56
562,Kuna,US,2022-04-29 02:22:50,few clouds,43.4918,-116.4201,45.32,76,20,12.66
563,Alihe,CN,2022-04-29 02:22:51,overcast clouds,50.5667,123.7167,45.19,46,100,6.8
564,Vilcun,CL,2022-04-29 02:22:51,clear sky,-38.65,-72.2333,36.34,93,4,2.26
565,Soavinandriana,MG,2022-04-29 02:22:52,broken clouds,-19.1667,46.7333,54.99,82,79,5.03
566,La Libertad,EC,2022-04-29 02:22:52,overcast clouds,-2.2333,-80.9,73.04,82,99,5.88
567,Le Vauclin,MQ,2022-04-29 02:22:53,clear sky,14.5452,-60.8388,77.85,94,0,3.44
568,Svetlaya,RU,2022-04-29 02:22:53,few clouds,46.5389,138.3297,49.8,35,15,5.86
569,Praia,CV,2022-04-29 02:22:54,few clouds,14.9215,-23.5087,68.54,77,20,13.8
570,Thanatpin,MM,2022-04-29 02:22:55,overcast clouds,17.2119,96.3033,87.98,56,100,4.9
571,Pampa,US,2022-04-29 02:22:55,clear sky,35.5362,-100.9599,81.55,53,0,14.97
572,Kasempa,ZM,2022-04-29 02:20:20,few clouds,-13.4584,25.8338,54.21,97,14,4.88
573,Vao,NC,2022-04-29 02:22:56,overcast clouds,-22.6667,167.4833,75.16,72,100,24.36
574,Marsabit,KE,2022-04-29 02:22:56,light rain,2.3284,37.9899,62.89,90,80,7.54
575,Independencia,BR,2022-04-29 02:22:57,broken clouds,-5.3964,-40.3086,73.65,67,78,0.25
576,Norman Wells,CA,2022-04-29 02:22:57,broken clouds,65.282,-126.8329,39.24,52,75,11.5
577,Fukue,JP,2022-04-29 02:22:58,broken clouds,32.6881,128.8419,57.56,94,75,26.46
578,Kloulklubed,PW,2022-04-29 02:22:58,heavy intensity rain,7.0419,134.2556,77.5,93,100,1.12
579,Skibbereen,IE,2022-04-29 02:22:59,overcast clouds,51.55,-9.2667,44.11,82,100,1.66
580,Dingle,PH,2022-04-29 02:20:04,overcast clouds,10.9995,122.6711,85.46,70,100,9.64
581,Lompoc,US,2022-04-29 02:20:09,clear sky,34.6391,-120.4579,61.79,71,0,19.57
582,San Quintin,MX,2022-04-29 02:23:00,clear sky,30.4833,-115.95,58.84,71,0,21.36
583,Plattsburgh,US,2022-04-29 02:23:01,clear sky,44.6995,-73.4529,43.95,31,0,12.66
584,Eucaliptus,BO,2022-04-29 02:23:01,clear sky,-17.5833,-67.5167,47.37,72,4,8.93
585,Atagay,RU,2022-04-29 02:23:02,overcast clouds,55.1033,99.3875,48.97,71,100,3.58
586,Muli,MV,2022-04-29 02:23:02,overcast clouds,2.9167,73.5667,84.65,72,92,9.24
587,Airai,TL,2022-04-29 02:20:57,broken clouds,-8.9266,125.4092,74.7,45,82,2.15
588,Rio Grande,BR,2022-04-29 02:23:03,light rain,-32.035,-52.0986,56.95,79,0,10.22
589,Chimore,BO,2022-04-29 02:23:04,moderate rain,-16.9833,-65.1333,72.52,98,98,2.35
590,Semirom,IR,2022-04-29 02:23:04,overcast clouds,31.4167,51.5667,49.75,52,100,4.0
591,Shieli,KZ,2022-04-29 02:23:05,overcast clouds,44.1667,66.75,68.14,25,100,2.21
592,Kilindoni,TZ,2022-04-29 02:23:06,light rain,-7.9139,39.6668,79.25,78,28,15.79
593,The Valley,AI,2022-04-29 02:23:06,overcast clouds,18.217,-63.0578,77.83,71,100,14.72
594,Nelson Bay,AU,2022-04-29 02:23:07,broken clouds,-32.7167,152.15,79.09,76,77,5.26
595,Mogadishu,SO,2022-04-29 02:21:55,light rain,2.0371,45.3438,82.13,77,95,7.18
596,Shizukuishi,JP,2022-04-29 02:23:08,light rain,39.6833,140.9833,54.37,60,100,6.06
597,Ahuimanu,US,2022-04-29 02:23:08,broken clouds,21.4447,-157.8378,83.34,67,75,13.8
598,Dzhebariki-Khaya,RU,2022-04-29 02:24:09,broken clouds,62.2167,135.8,30.22,64,53,5.37
599,Wajima,JP,2022-04-29 02:24:09,broken clouds,37.4,136.9,54.28,66,75,12.66
600,Griffith,US,2022-04-29 02:24:10,overcast clouds,41.5284,-87.4237,50.05,63,100,12.66
601,Denpasar,ID,2022-04-29 02:24:10,few clouds,-8.65,115.2167,83.86,79,20,4.61
602,Tonota,BW,2022-04-29 02:24:11,clear sky,-21.4833,27.4833,55.11,75,0,3.36
603,Bilibino,RU,2022-04-29 02:20:19,overcast clouds,68.0546,166.4372,31.64,92,100,1.48
604,Mlawa,PL,2022-04-29 02:24:12,overcast clouds,53.1128,20.3841,42.42,71,100,3.29
605,Oga,IT,2022-04-29 02:24:13,clear sky,46.4631,10.347,41.81,82,4,0.69
606,Quatre Cocos,MU,2022-04-29 02:24:13,few clouds,-20.2078,57.7625,74.08,81,16,8.1
607,Zemio,CF,2022-04-29 02:24:14,overcast clouds,5.0314,25.1361,67.89,98,95,2.93
608,Yurimaguas,PE,2022-04-29 02:24:14,overcast clouds,-5.9,-76.0833,73.78,96,99,0.92
609,Eskil,TR,2022-04-29 02:24:15,clear sky,38.4017,33.4131,56.82,63,10,4.7
610,Virginia Beach,US,2022-04-29 02:23:22,clear sky,36.8529,-75.978,55.47,63,0,0.0
611,Coihaique,CL,2022-04-29 02:24:16,scattered clouds,-45.5752,-72.0662,30.15,93,40,3.44
612,Linhares,BR,2022-04-29 02:24:16,clear sky,-19.3911,-40.0722,69.22,94,0,0.67
613,Amahai,ID,2022-04-29 02:24:17,broken clouds,-3.3333,128.9167,83.12,72,82,3.06
614,Dubai,AE,2022-04-29 02:23:43,few clouds,25.2582,55.3047,84.13,39,22,4.61
615,Wewak,PG,2022-04-29 02:24:18,overcast clouds,-3.5534,143.6268,85.69,67,100,3.8
616,Pierre,US,2022-04-29 02:24:18,clear sky,44.3683,-100.351,60.06,61,0,9.22
617,Mitu,CO,2022-04-29 02:24:19,moderate rain,1.1983,-70.1733,73.53,98,100,1.61
618,Erzin,TR,2022-04-29 02:24:20,clear sky,36.9559,36.2,63.99,58,0,3.58
619,Prado,BR,2022-04-29 02:24:20,clear sky,-17.3411,-39.2208,74.17,88,0,4.5
620,Belmonte,BR,2022-04-29 02:24:21,clear sky,-15.8631,-38.8828,75.38,86,3,6.58
621,Port Dover,CA,2022-04-29 02:24:21,clear sky,42.7834,-80.1997,39.81,79,3,8.88
622,Bogovina,RS,2022-04-29 02:24:22,broken clouds,43.895,21.9403,52.52,94,82,3.83
623,Shangzhi,CN,2022-04-29 02:24:22,clear sky,45.2167,127.9667,59.77,23,2,9.98
624,Luancheng,CN,2022-04-29 02:24:23,overcast clouds,37.8792,114.6517,57.36,48,93,7.43
625,Puerto Escondido,MX,2022-04-29 02:24:24,scattered clouds,15.85,-97.0667,83.23,69,40,0.0
626,Belyy Yar,RU,2022-04-29 02:24:24,clear sky,53.6039,91.3903,52.86,43,0,4.47
627,Sandila,IN,2022-04-29 02:24:25,clear sky,27.0833,80.5167,92.12,12,0,5.17
628,Goderich,CA,2022-04-29 02:19:34,clear sky,43.7501,-81.7165,35.91,74,2,5.75
629,Ravar,IR,2022-04-29 02:24:26,overcast clouds,31.2656,56.8055,73.2,22,94,6.98
630,Cabedelo,BR,2022-04-29 02:24:26,overcast clouds,-6.9811,-34.8339,75.87,82,97,10.76
631,Gravdal,NO,2022-04-29 02:24:27,light snow,68.1214,13.5031,34.0,62,100,15.64
632,Grindavik,IS,2022-04-29 02:24:27,broken clouds,63.8424,-22.4338,48.15,100,75,9.22
633,Acapulco,MX,2022-04-29 02:24:28,clear sky,16.8634,-99.8901,80.42,83,0,2.3
634,Kintampo,GH,2022-04-29 02:24:29,overcast clouds,8.0563,-1.7306,75.0,73,97,1.59
635,Kirovskiy,RU,2022-04-29 02:24:29,clear sky,45.0917,133.5136,54.95,19,0,3.91
636,Graaff-Reinet,ZA,2022-04-29 02:24:30,clear sky,-32.2522,24.5308,63.91,60,0,11.97
637,Homer,US,2022-04-29 02:24:30,clear sky,59.6425,-151.5483,48.79,51,0,17.0
638,Quelimane,MZ,2022-04-29 02:24:31,scattered clouds,-17.8786,36.8883,69.75,94,40,4.61
639,Bilma,NE,2022-04-29 02:24:31,overcast clouds,18.6853,12.9164,85.15,10,100,9.26
640,Mayo,US,2022-04-29 02:24:32,clear sky,38.8876,-76.5119,53.55,53,0,8.05
641,Ostrovnoy,RU,2022-04-29 02:24:32,broken clouds,68.0531,39.5131,15.06,86,57,19.62
642,Sicuani,PE,2022-04-29 02:25:33,overcast clouds,-14.2694,-71.2261,44.55,83,100,2.19
643,Ust-Tarka,RU,2022-04-29 02:25:34,overcast clouds,55.5672,75.705,63.5,43,100,13.8
644,Mandalgovi,MN,2022-04-29 02:25:34,clear sky,45.7625,106.2708,35.73,27,3,19.15
645,Krasnoselkup,RU,2022-04-29 02:25:35,light snow,65.7,82.4667,27.14,95,98,12.53
646,Callaway,US,2022-04-29 02:25:35,clear sky,30.153,-85.5699,70.0,83,0,3.44
647,Lima,PE,2022-04-29 02:23:08,few clouds,-12.0432,-77.0282,68.9,76,20,6.91
648,Rabo De Peixe,PT,2022-04-29 02:25:36,light intensity drizzle rain,37.8,-25.5833,63.28,88,75,19.57
649,Salinopolis,BR,2022-04-29 02:21:30,overcast clouds,-0.6136,-47.3561,77.72,89,88,9.71
650,Witu,KE,2022-04-29 02:25:37,overcast clouds,-2.3889,40.4382,78.96,91,96,7.96
651,Gamba,GA,2022-04-29 02:25:37,broken clouds,-2.65,10.0,76.28,90,57,1.45
652,Codajas,BR,2022-04-29 02:25:38,overcast clouds,-3.8367,-62.0569,74.73,98,100,2.84
653,Bambanglipuro,ID,2022-04-29 02:25:39,scattered clouds,-7.95,110.2833,83.26,76,47,4.34
654,Wyndham,US,2022-04-29 02:25:39,clear sky,37.6985,-77.6125,48.94,73,0,0.0
655,Lugo,ES,2022-04-29 02:25:40,scattered clouds,43.0,-7.5,45.91,100,39,0.36
656,Weston,US,2022-04-29 02:25:40,overcast clouds,26.1004,-80.3998,76.01,87,100,1.01
657,Taos,US,2022-04-29 02:25:41,clear sky,36.4072,-105.5731,61.2,15,0,8.05
658,Kuteynykove,UA,2022-04-29 02:25:41,overcast clouds,47.8123,38.2882,54.05,62,100,5.66
659,Coolum Beach,AU,2022-04-29 02:25:42,few clouds,-26.5333,153.1,79.11,78,11,10.31
660,Jales,BR,2022-04-29 02:25:42,scattered clouds,-20.2689,-50.5458,73.56,45,39,6.87
661,Turtas,RU,2022-04-29 02:25:43,broken clouds,58.9417,69.1325,44.8,82,52,12.03
662,Mizdah,LY,2022-04-29 02:25:43,clear sky,31.4451,12.9801,55.49,55,3,8.75
663,Kapoeta,SS,2022-04-29 02:25:44,overcast clouds,4.7717,33.5903,73.27,72,100,5.32
664,Santo Tomas,PH,2022-04-29 02:25:44,overcast clouds,14.1079,121.1414,89.85,50,96,10.38
665,Soma,TR,2022-04-29 02:25:45,broken clouds,39.1855,27.6094,50.72,88,63,7.99
666,Yerbogachen,RU,2022-04-29 02:25:46,broken clouds,61.2767,108.0108,42.62,69,62,10.89
667,Riyadh,SA,2022-04-29 02:25:46,overcast clouds,24.6877,46.7219,69.94,64,100,7.54
668,Kokstad,ZA,2022-04-29 02:25:47,clear sky,-30.5472,29.4241,47.7,64,1,5.86
669,Shingu,JP,2022-04-29 02:25:47,moderate rain,33.7333,135.9833,61.5,97,100,8.7
670,Huntington,US,2022-04-29 02:25:48,overcast clouds,38.4193,-82.4452,55.33,63,100,3.96
671,Liuzhou,CN,2022-04-29 02:25:48,scattered clouds,24.3126,109.3892,75.04,77,49,10.92
672,Ust-Kuyga,RU,2022-04-29 02:25:49,scattered clouds,70.0167,135.6,16.03,86,48,8.14
673,Artyom,AZ,2022-04-29 02:25:49,clear sky,40.4723,50.333,55.54,75,1,5.37
674,Katobu,ID,2022-04-29 02:25:50,broken clouds,-4.9408,122.5276,86.23,63,80,4.7
675,Lohja,FI,2022-04-29 02:25:50,clear sky,60.2486,24.0653,32.45,100,6,6.15
676,Karauli,IN,2022-04-29 02:25:51,broken clouds,26.5,77.0167,91.89,13,75,12.66
677,Luwuk,ID,2022-04-29 02:25:52,overcast clouds,-0.9516,122.7875,85.78,68,86,2.86
678,Asyut,EG,2022-04-29 02:25:52,scattered clouds,27.181,31.1837,77.49,10,32,6.51
679,Narsaq,GL,2022-04-29 02:25:53,overcast clouds,60.9167,-46.05,43.02,83,100,1.16
680,Marawi,PH,2022-04-29 02:25:53,broken clouds,7.9986,124.2928,80.11,69,84,3.56
681,Kaduqli,SD,2022-04-29 02:25:54,overcast clouds,11.0167,29.7167,84.11,49,95,5.14
682,Berlevag,NO,2022-04-29 02:25:54,light snow,70.8578,29.0864,22.8,73,100,21.9
683,Khasan,RU,2022-04-29 02:25:55,few clouds,42.4308,130.6434,48.88,54,20,9.82
684,Batagay,RU,2022-04-29 02:25:56,overcast clouds,67.6333,134.6333,22.33,74,97,1.16
685,Westport,US,2022-04-29 02:25:56,clear sky,41.1415,-73.3579,48.81,32,0,13.8
686,Maumere,ID,2022-04-29 02:25:57,broken clouds,-8.6199,122.2111,84.13,69,75,2.73
687,Ormara,PK,2022-04-29 02:25:57,clear sky,25.2088,64.6357,83.3,79,0,14.43
688,Leh,IN,2022-04-29 02:26:58,overcast clouds,34.1667,77.5833,40.5,76,99,3.51
689,Pindiga,NG,2022-04-29 02:26:58,overcast clouds,9.9833,10.9333,79.59,57,100,10.42
690,Buala,SB,2022-04-29 02:26:59,light rain,-8.145,159.5921,85.69,69,100,4.09
691,Bereda,ES,2022-04-29 02:26:59,scattered clouds,43.2686,-7.5406,46.58,100,39,1.79
692,Sur,OM,2022-04-29 02:27:00,broken clouds,22.5667,59.5289,87.94,39,60,9.42
693,Zeerust,ZA,2022-04-29 02:27:00,clear sky,-25.5369,26.0751,53.19,73,2,2.15
694,Liverpool,GB,2022-04-29 02:27:01,overcast clouds,53.4106,-2.9779,47.61,76,100,5.75
695,Espinosa,BR,2022-04-29 02:27:02,clear sky,-14.9261,-42.8192,67.57,70,0,4.92
696,Pitimbu,BR,2022-04-29 02:27:02,broken clouds,-7.4706,-34.8086,75.79,79,76,10.8
697,Taman,RU,2022-04-29 02:27:03,overcast clouds,45.2117,36.7161,56.71,75,99,12.55
698,Abu Dhabi,AE,2022-04-29 02:27:03,clear sky,24.4667,54.3667,84.22,49,0,8.05
699,Shimoni,KE,2022-04-29 02:27:04,light rain,-4.6476,39.3817,77.52,82,86,14.05
700,Amapa,BR,2022-04-29 02:27:04,overcast clouds,1.0,-52.0,72.45,99,100,2.19
